{
	"format_version": "1.8.0",
	"animations": {
		"animation.mew_fetus.sleep": {
			"loop": true,
			"bones": {
				"body": {
					"rotation": ["math.sin(q.anim_time*90*0.5-180)*3", "math.sin(q.anim_time*90*0.75-60)*-2", "math.sin(q.anim_time*90*1)*1"],
					"position": ["math.sin(q.anim_time*90*0.25)*0.2", "0.25+math.sin(q.anim_time*90*0.5-45)*0.8", "-0.25+math.sin(q.anim_time*90*0.25-90)*0.1"]
				},
				"torso": {
					"rotation": [-5, 0, 0]
				},
				"head": {
					"rotation": [10, 0, 0]
				},
				"arm_right": {
					"rotation": [0, -20, 0]
				},
				"tail": {
					"rotation": [-40, 0, 0]
				},
				"tail2": {
					"rotation": [-30, 0, 0]
				},
				"leg_right": {
					"rotation": [0, -10, 0]
				},
				"arm_left": {
					"rotation": [0, 20, 0]
				},
				"leg_left": {
					"rotation": [0, 10, 0]
				}
			}
		}
	}
}